suspect_id,full_name,phone_number,timestamp,latitude,longitude,address,network_provider,network_type,cell_id,lac,movement_status,location_age_seconds,previous_location,distance_moved_km,speed_kmh,remarks
TARGET-001,‡∏ô‡∏≤‡∏¢ ‡∏ä‡∏≤‡∏ï‡∏£‡∏µ ‡∏Ñ‡∏î‡∏Ç‡∏±‡∏ô,66951234567,2026-01-13 08:00:00,13.756331,100.501765,"‡∏ñ‡∏ô‡∏ô‡∏û‡∏£‡∏∞‡∏£‡∏≤‡∏° 1 ‡πÅ‡∏Ç‡∏ß‡∏á‡∏õ‡∏ó‡∏∏‡∏°‡∏ß‡∏±‡∏ô ‡πÄ‡∏Ç‡∏ï‡∏õ‡∏ó‡∏∏‡∏°‡∏ß‡∏±‡∏ô ‡∏Å‡∏£‡∏∏‡∏á‡πÄ‡∏ó‡∏û‡∏°‡∏´‡∏≤‡∏ô‡∏Ñ‡∏£ 10330",AIS,4G,12345,4501,Moving,0,,0.0,0.0,‡πÄ‡∏£‡∏¥‡πà‡∏°‡∏ï‡∏¥‡∏î‡∏ï‡∏≤‡∏° - ‡∏û‡∏ö‡∏ó‡∏µ‡πà MBK Center
TARGET-001,‡∏ô‡∏≤‡∏¢ ‡∏ä‡∏≤‡∏ï‡∏£‡∏µ ‡∏Ñ‡∏î‡∏Ç‡∏±‡∏ô,66951234567,2026-01-13 08:15:00,13.746029,100.534660,"‡∏ñ‡∏ô‡∏ô‡∏™‡∏∏‡∏Ç‡∏∏‡∏°‡∏ß‡∏¥‡∏ó ‡πÅ‡∏Ç‡∏ß‡∏á‡∏Ñ‡∏•‡∏≠‡∏á‡πÄ‡∏ï‡∏¢ ‡πÄ‡∏Ç‡∏ï‡∏Ñ‡∏•‡∏≠‡∏á‡πÄ‡∏ï‡∏¢ ‡∏Å‡∏£‡∏∏‡∏á‡πÄ‡∏ó‡∏û‡∏°‡∏´‡∏≤‡∏ô‡∏Ñ‡∏£ 10110",AIS,4G,12346,4501,Moving,0,"13.756331,100.501765",3.2,12.8,‡πÄ‡∏Ñ‡∏•‡∏∑‡πà‡∏≠‡∏ô‡∏ó‡∏µ‡πà‡πÑ‡∏õ‡∏ó‡∏≤‡∏á Terminal 21
TARGET-001,‡∏ô‡∏≤‡∏¢ ‡∏ä‡∏≤‡∏ï‡∏£‡∏µ ‡∏Ñ‡∏î‡∏Ç‡∏±‡∏ô,66951234567,2026-01-13 08:45:00,13.736717,100.560471,"‡∏ñ‡∏ô‡∏ô‡∏™‡∏∏‡∏Ç‡∏∏‡∏°‡∏ß‡∏¥‡∏ó ‡πÅ‡∏Ç‡∏ß‡∏á‡∏û‡∏£‡∏∞‡πÇ‡∏Ç‡∏ô‡∏á ‡πÄ‡∏Ç‡∏ï‡∏Ñ‡∏•‡∏≠‡∏á‡πÄ‡∏ï‡∏¢ ‡∏Å‡∏£‡∏∏‡∏á‡πÄ‡∏ó‡∏û‡∏°‡∏´‡∏≤‡∏ô‡∏Ñ‡∏£ 10110",AIS,4G,12347,4501,Moving,0,"13.746029,100.534660",2.8,5.6,‡πÄ‡∏Ñ‡∏•‡∏∑‡πà‡∏≠‡∏ô‡∏ó‡∏µ‡πà‡∏ï‡πà‡∏≠‡πÑ‡∏õ‡∏ó‡∏≤‡∏á Gateway Ekamai
TARGET-001,‡∏ô‡∏≤‡∏¢ ‡∏ä‡∏≤‡∏ï‡∏£‡∏µ ‡∏Ñ‡∏î‡∏Ç‡∏±‡∏ô,66951234567,2026-01-13 09:30:00,13.731359,100.589318,"‡∏ñ‡∏ô‡∏ô‡∏™‡∏∏‡∏Ç‡∏∏‡∏°‡∏ß‡∏¥‡∏ó ‡πÅ‡∏Ç‡∏ß‡∏á‡∏û‡∏£‡∏∞‡πÇ‡∏Ç‡∏ô‡∏á‡πÄ‡∏´‡∏ô‡∏∑‡∏≠ ‡πÄ‡∏Ç‡∏ï‡∏ß‡∏±‡∏í‡∏ô‡∏≤ ‡∏Å‡∏£‡∏∏‡∏á‡πÄ‡∏ó‡∏û‡∏°‡∏´‡∏≤‡∏ô‡∏Ñ‡∏£ 10110",AIS,4G,12348,4501,Stationary,0,"13.736717,100.560471",2.9,3.9,‡∏´‡∏¢‡∏∏‡∏î‡∏ô‡∏¥‡πà‡∏á‡∏ó‡∏µ‡πà EmQuartier - ‡∏ô‡πà‡∏≤‡∏™‡∏á‡∏™‡∏±‡∏¢ ‡∏≠‡∏≤‡∏à‡∏û‡∏ö‡∏ú‡∏π‡πâ‡∏™‡∏°‡∏£‡∏π‡πâ‡∏£‡πà‡∏ß‡∏°‡∏Ñ‡∏¥‡∏î
TARGET-001,‡∏ô‡∏≤‡∏¢ ‡∏ä‡∏≤‡∏ï‡∏£‡∏µ ‡∏Ñ‡∏î‡∏Ç‡∏±‡∏ô,66951234567,2026-01-13 11:00:00,13.731359,100.589318,"‡∏ñ‡∏ô‡∏ô‡∏™‡∏∏‡∏Ç‡∏∏‡∏°‡∏ß‡∏¥‡∏ó ‡πÅ‡∏Ç‡∏ß‡∏á‡∏û‡∏£‡∏∞‡πÇ‡∏Ç‡∏ô‡∏á‡πÄ‡∏´‡∏ô‡∏∑‡∏≠ ‡πÄ‡∏Ç‡∏ï‡∏ß‡∏±‡∏í‡∏ô‡∏≤ ‡∏Å‡∏£‡∏∏‡∏á‡πÄ‡∏ó‡∏û‡∏°‡∏´‡∏≤‡∏ô‡∏Ñ‡∏£ 10110",AIS,4G,12348,4501,Stationary,5400,"13.731359,100.589318",0.0,0.0,‡∏¢‡∏±‡∏á‡∏Ñ‡∏á‡∏≠‡∏¢‡∏π‡πà‡∏ó‡∏µ‡πà‡πÄ‡∏î‡∏¥‡∏° 1.5 ‡∏ä‡∏±‡πà‡∏ß‡πÇ‡∏°‡∏á - ‡∏ï‡πâ‡∏≠‡∏á‡πÄ‡∏ù‡πâ‡∏≤‡∏£‡∏∞‡∏ß‡∏±‡∏á
TARGET-001,‡∏ô‡∏≤‡∏¢ ‡∏ä‡∏≤‡∏ï‡∏£‡∏µ ‡∏Ñ‡∏î‡∏Ç‡∏±‡∏ô,66951234567,2026-01-13 12:15:00,13.681679,100.607232,"‡∏ñ‡∏ô‡∏ô‡∏ö‡∏≤‡∏á‡∏ô‡∏≤-‡∏ï‡∏£‡∏≤‡∏î ‡πÅ‡∏Ç‡∏ß‡∏á‡∏ö‡∏≤‡∏á‡∏ô‡∏≤ ‡πÄ‡∏Ç‡∏ï‡∏ö‡∏≤‡∏á‡∏ô‡∏≤ ‡∏Å‡∏£‡∏∏‡∏á‡πÄ‡∏ó‡∏û‡∏°‡∏´‡∏≤‡∏ô‡∏Ñ‡∏£ 10260",AIS,4G,12349,4502,Moving,0,"13.731359,100.589318",6.1,48.8,‡πÄ‡∏Ñ‡∏•‡∏∑‡πà‡∏≠‡∏ô‡∏ó‡∏µ‡πà‡πÄ‡∏£‡πá‡∏ß‡∏ú‡∏¥‡∏î‡∏õ‡∏Å‡∏ï‡∏¥ - ‡∏≠‡∏≤‡∏à‡πÉ‡∏ä‡πâ‡∏£‡∏ñ‡∏¢‡∏ô‡∏ï‡πå ‡πÑ‡∏õ‡∏ó‡∏≤‡∏á CentralPlaza Bangna
TARGET-001,‡∏ô‡∏≤‡∏¢ ‡∏ä‡∏≤‡∏ï‡∏£‡∏µ ‡∏Ñ‡∏î‡∏Ç‡∏±‡∏ô,66951234567,2026-01-13 13:00:00,13.599921,100.605431,"‡∏ñ‡∏ô‡∏ô‡∏ö‡∏≤‡∏á‡∏ô‡∏≤-‡∏ï‡∏£‡∏≤‡∏î ‡∏ï‡∏≥‡∏ö‡∏•‡∏ö‡∏≤‡∏á‡πÇ‡∏â‡∏•‡∏á ‡∏≠‡∏≥‡πÄ‡∏†‡∏≠‡∏ö‡∏≤‡∏á‡∏û‡∏•‡∏µ ‡∏™‡∏°‡∏∏‡∏ó‡∏£‡∏õ‡∏£‡∏≤‡∏Å‡∏≤‡∏£ 10540",AIS,4G,12350,4503,Moving,0,"13.681679,100.607232",9.2,12.3,‡πÄ‡∏Ç‡πâ‡∏≤‡∏™‡∏π‡πà Mega Bangna - ‡∏û‡∏∑‡πâ‡∏ô‡∏ó‡∏µ‡πà‡∏ó‡∏µ‡πà‡∏°‡∏µ‡∏Å‡∏¥‡∏à‡∏Å‡∏£‡∏£‡∏°‡∏ï‡πâ‡∏≠‡∏á‡∏™‡∏á‡∏™‡∏±‡∏¢‡∏Å‡πà‡∏≠‡∏ô‡∏´‡∏ô‡πâ‡∏≤‡∏ô‡∏µ‡πâ
TARGET-001,‡∏ô‡∏≤‡∏¢ ‡∏ä‡∏≤‡∏ï‡∏£‡∏µ ‡∏Ñ‡∏î‡∏Ç‡∏±‡∏ô,66951234567,2026-01-13 14:30:00,13.599921,100.605431,"‡∏ñ‡∏ô‡∏ô‡∏ö‡∏≤‡∏á‡∏ô‡∏≤-‡∏ï‡∏£‡∏≤‡∏î ‡∏ï‡∏≥‡∏ö‡∏•‡∏ö‡∏≤‡∏á‡πÇ‡∏â‡∏•‡∏á ‡∏≠‡∏≥‡πÄ‡∏†‡∏≠‡∏ö‡∏≤‡∏á‡∏û‡∏•‡∏µ ‡∏™‡∏°‡∏∏‡∏ó‡∏£‡∏õ‡∏£‡∏≤‡∏Å‡∏≤‡∏£ 10540",AIS,4G,12350,4503,Stationary,5400,"13.599921,100.605431",0.0,0.0,‡∏´‡∏¢‡∏∏‡∏î‡∏ô‡∏¥‡πà‡∏á 1.5 ‡∏ä‡∏±‡πà‡∏ß‡πÇ‡∏°‡∏á - ‡∏™‡∏á‡∏™‡∏±‡∏¢‡∏û‡∏ö‡∏ú‡∏π‡πâ‡∏£‡πà‡∏ß‡∏°‡∏Ç‡∏ö‡∏ß‡∏ô‡∏Å‡∏≤‡∏£
TARGET-001,‡∏ô‡∏≤‡∏¢ ‡∏ä‡∏≤‡∏ï‡∏£‡∏µ ‡∏Ñ‡∏î‡∏Ç‡∏±‡∏ô,66951234567,2026-01-13 15:45:00,13.532166,100.623424,"‡∏ï‡∏≥‡∏ö‡∏•‡∏ö‡∏≤‡∏á‡πÄ‡∏°‡∏∑‡∏≠‡∏á ‡∏≠‡∏≥‡πÄ‡∏†‡∏≠‡πÄ‡∏°‡∏∑‡∏≠‡∏á‡∏™‡∏°‡∏∏‡∏ó‡∏£‡∏õ‡∏£‡∏≤‡∏Å‡∏≤‡∏£ ‡∏™‡∏°‡∏∏‡∏ó‡∏£‡∏õ‡∏£‡∏≤‡∏Å‡∏≤‡∏£ 10270",AIS,4G,12351,4504,Moving,0,"13.599921,100.605431",7.8,10.4,‚ö†Ô∏è ‡πÄ‡∏Ç‡πâ‡∏≤‡∏û‡∏∑‡πâ‡∏ô‡∏ó‡∏µ‡πà‡πÄ‡∏ù‡πâ‡∏≤‡∏£‡∏∞‡∏ß‡∏±‡∏á - Warehouse District
TARGET-001,‡∏ô‡∏≤‡∏¢ ‡∏ä‡∏≤‡∏ï‡∏£‡∏µ ‡∏Ñ‡∏î‡∏Ç‡∏±‡∏ô,66951234567,2026-01-13 16:00:00,13.532166,100.623424,"‡∏ï‡∏≥‡∏ö‡∏•‡∏ö‡∏≤‡∏á‡πÄ‡∏°‡∏∑‡∏≠‡∏á ‡∏≠‡∏≥‡πÄ‡∏†‡∏≠‡πÄ‡∏°‡∏∑‡∏≠‡∏á‡∏™‡∏°‡∏∏‡∏ó‡∏£‡∏õ‡∏£‡∏≤‡∏Å‡∏≤‡∏£ ‡∏™‡∏°‡∏∏‡∏ó‡∏£‡∏õ‡∏£‡∏≤‡∏Å‡∏≤‡∏£ 10270",AIS,4G,12351,4504,Stationary,900,"13.532166,100.623424",0.0,0.0,üö® ALERT: ‡∏´‡∏¢‡∏∏‡∏î‡∏ô‡∏¥‡πà‡∏á‡πÉ‡∏ô‡∏û‡∏∑‡πâ‡∏ô‡∏ó‡∏µ‡πà‡∏ï‡πâ‡∏≠‡∏á‡∏™‡∏á‡∏™‡∏±‡∏¢ - ‡∏Ñ‡∏ß‡∏£‡∏™‡πà‡∏á‡∏ó‡∏µ‡∏°‡∏ï‡∏¥‡∏î‡∏ï‡∏≤‡∏°

TARGET-002,‡∏ô‡∏≤‡∏á ‡πÄ‡∏≠‡∏°‡∏°‡∏µ‡πà ‡∏≠‡∏µ‡∏≠‡∏µ,66987654321,2026-01-13 08:00:00,13.756331,100.501765,"‡∏ñ‡∏ô‡∏ô‡∏û‡∏£‡∏∞‡∏£‡∏≤‡∏° 1 ‡πÅ‡∏Ç‡∏ß‡∏á‡∏õ‡∏ó‡∏∏‡∏°‡∏ß‡∏±‡∏ô ‡πÄ‡∏Ç‡∏ï‡∏õ‡∏ó‡∏∏‡∏°‡∏ß‡∏±‡∏ô ‡∏Å‡∏£‡∏∏‡∏á‡πÄ‡∏ó‡∏û‡∏°‡∏´‡∏≤‡∏ô‡∏Ñ‡∏£ 10330",True,4G,12345,4501,Moving,0,,0.0,0.0,‡πÄ‡∏£‡∏¥‡πà‡∏°‡∏ï‡∏¥‡∏î‡∏ï‡∏≤‡∏° - ‡∏û‡∏ö‡∏û‡∏£‡πâ‡∏≠‡∏°‡∏Å‡∏±‡∏ö TARGET-001
TARGET-002,‡∏ô‡∏≤‡∏á ‡πÄ‡∏≠‡∏°‡∏°‡∏µ‡πà ‡∏≠‡∏µ‡∏≠‡∏µ,66987654321,2026-01-13 08:15:00,13.746029,100.534660,"‡∏ñ‡∏ô‡∏ô‡∏™‡∏∏‡∏Ç‡∏∏‡∏°‡∏ß‡∏¥‡∏ó ‡πÅ‡∏Ç‡∏ß‡∏á‡∏Ñ‡∏•‡∏≠‡∏á‡πÄ‡∏ï‡∏¢ ‡πÄ‡∏Ç‡∏ï‡∏Ñ‡∏•‡∏≠‡∏á‡πÄ‡∏ï‡∏¢ ‡∏Å‡∏£‡∏∏‡∏á‡πÄ‡∏ó‡∏û‡∏°‡∏´‡∏≤‡∏ô‡∏Ñ‡∏£ 10110",True,4G,12346,4501,Moving,0,"13.756331,100.501765",3.2,12.8,‡πÄ‡∏Ñ‡∏•‡∏∑‡πà‡∏≠‡∏ô‡∏ó‡∏µ‡πà‡∏Ñ‡∏π‡πà‡∏Å‡∏±‡∏ö TARGET-001
TARGET-002,‡∏ô‡∏≤‡∏á ‡πÄ‡∏≠‡∏°‡∏°‡∏µ‡πà ‡∏≠‡∏µ‡∏≠‡∏µ,66987654321,2026-01-13 08:45:00,13.736717,100.560471,"‡∏ñ‡∏ô‡∏ô‡∏™‡∏∏‡∏Ç‡∏∏‡∏°‡∏ß‡∏¥‡∏ó ‡πÅ‡∏Ç‡∏ß‡∏á‡∏û‡∏£‡∏∞‡πÇ‡∏Ç‡∏ô‡∏á ‡πÄ‡∏Ç‡∏ï‡∏Ñ‡∏•‡∏≠‡∏á‡πÄ‡∏ï‡∏¢ ‡∏Å‡∏£‡∏∏‡∏á‡πÄ‡∏ó‡∏û‡∏°‡∏´‡∏≤‡∏ô‡∏Ñ‡∏£ 10110",True,4G,12347,4501,Moving,0,"13.746029,100.534660",2.8,5.6,‡∏¢‡∏±‡∏á‡∏Ñ‡∏á‡πÄ‡∏Ñ‡∏•‡∏∑‡πà‡∏≠‡∏ô‡∏ó‡∏µ‡πà‡∏Ñ‡∏π‡πà‡∏Å‡∏±‡∏ô
TARGET-002,‡∏ô‡∏≤‡∏á ‡πÄ‡∏≠‡∏°‡∏°‡∏µ‡πà ‡∏≠‡∏µ‡∏≠‡∏µ,66987654321,2026-01-13 09:30:00,13.731359,100.589318,"‡∏ñ‡∏ô‡∏ô‡∏™‡∏∏‡∏Ç‡∏∏‡∏°‡∏ß‡∏¥‡∏ó ‡πÅ‡∏Ç‡∏ß‡∏á‡∏û‡∏£‡∏∞‡πÇ‡∏Ç‡∏ô‡∏á‡πÄ‡∏´‡∏ô‡∏∑‡∏≠ ‡πÄ‡∏Ç‡∏ï‡∏ß‡∏±‡∏í‡∏ô‡∏≤ ‡∏Å‡∏£‡∏∏‡∏á‡πÄ‡∏ó‡∏û‡∏°‡∏´‡∏≤‡∏ô‡∏Ñ‡∏£ 10110",True,4G,12348,4501,Stationary,0,"13.736717,100.560471",2.9,3.9,‡∏´‡∏¢‡∏∏‡∏î‡∏ô‡∏¥‡πà‡∏á‡∏ó‡∏µ‡πà‡πÄ‡∏î‡∏µ‡∏¢‡∏ß‡∏Å‡∏±‡∏ô‡∏Å‡∏±‡∏ö TARGET-001
TARGET-002,‡∏ô‡∏≤‡∏á ‡πÄ‡∏≠‡∏°‡∏°‡∏µ‡πà ‡∏≠‡∏µ‡∏≠‡∏µ,66987654321,2026-01-13 11:00:00,13.731359,100.589318,"‡∏ñ‡∏ô‡∏ô‡∏™‡∏∏‡∏Ç‡∏∏‡∏°‡∏ß‡∏¥‡∏ó ‡πÅ‡∏Ç‡∏ß‡∏á‡∏û‡∏£‡∏∞‡πÇ‡∏Ç‡∏ô‡∏á‡πÄ‡∏´‡∏ô‡∏∑‡∏≠ ‡πÄ‡∏Ç‡∏ï‡∏ß‡∏±‡∏í‡∏ô‡∏≤ ‡∏Å‡∏£‡∏∏‡∏á‡πÄ‡∏ó‡∏û‡∏°‡∏´‡∏≤‡∏ô‡∏Ñ‡∏£ 10110",True,4G,12348,4501,Stationary,5400,"13.731359,100.589318",0.0,0.0,‡∏¢‡∏±‡∏á‡∏Ñ‡∏á‡∏≠‡∏¢‡∏π‡πà‡∏ó‡∏µ‡πà‡πÄ‡∏î‡∏¥‡∏°‡πÄ‡∏õ‡πá‡∏ô‡πÄ‡∏ß‡∏•‡∏≤‡∏ô‡∏≤‡∏ô - ‡∏ô‡πà‡∏≤‡∏™‡∏á‡∏™‡∏±‡∏¢‡∏Å‡∏≤‡∏£‡∏õ‡∏£‡∏∞‡∏ä‡∏∏‡∏°‡∏•‡∏±‡∏ö
TARGET-002,‡∏ô‡∏≤‡∏á ‡πÄ‡∏≠‡∏°‡∏°‡∏µ‡πà ‡∏≠‡∏µ‡∏≠‡∏µ,66987654321,2026-01-13 12:15:00,13.755313,100.502858,"‡∏ñ‡∏ô‡∏ô‡∏û‡∏£‡∏∞‡∏£‡∏≤‡∏° 1 ‡πÅ‡∏Ç‡∏ß‡∏á‡∏ß‡∏±‡∏á‡πÉ‡∏´‡∏°‡πà ‡πÄ‡∏Ç‡∏ï‡∏õ‡∏ó‡∏∏‡∏°‡∏ß‡∏±‡∏ô ‡∏Å‡∏£‡∏∏‡∏á‡πÄ‡∏ó‡∏û‡∏°‡∏´‡∏≤‡∏ô‡∏Ñ‡∏£ 10330",True,4G,12352,4501,Moving,0,"13.731359,100.589318",8.9,71.2,‚ö†Ô∏è ‡πÅ‡∏¢‡∏Å‡∏ó‡∏≤‡∏á‡∏Å‡∏±‡∏ö TARGET-001! ‡πÄ‡∏Ñ‡∏•‡∏∑‡πà‡∏≠‡∏ô‡∏ó‡∏µ‡πà‡πÄ‡∏£‡πá‡∏ß‡∏Å‡∏•‡∏±‡∏ö‡∏¢‡πà‡∏≤‡∏ô‡∏™‡∏¢‡∏≤‡∏°
TARGET-002,‡∏ô‡∏≤‡∏á ‡πÄ‡∏≠‡∏°‡∏°‡∏µ‡πà ‡∏≠‡∏µ‡∏≠‡∏µ,66987654321,2026-01-13 13:30:00,13.756331,100.501765,"‡∏ñ‡∏ô‡∏ô‡∏û‡∏£‡∏∞‡∏£‡∏≤‡∏° 1 ‡πÅ‡∏Ç‡∏ß‡∏á‡∏õ‡∏ó‡∏∏‡∏°‡∏ß‡∏±‡∏ô ‡πÄ‡∏Ç‡∏ï‡∏õ‡∏ó‡∏∏‡∏°‡∏ß‡∏±‡∏ô ‡∏Å‡∏£‡∏∏‡∏á‡πÄ‡∏ó‡∏û‡∏°‡∏´‡∏≤‡∏ô‡∏Ñ‡∏£ 10330",True,4G,12345,4501,Stationary,4800,"13.755313,100.502858",0.1,0.0,‡∏´‡∏¢‡∏∏‡∏î‡∏ô‡∏¥‡πà‡∏á‡∏ö‡∏£‡∏¥‡πÄ‡∏ß‡∏ì Siam - ‡∏≠‡∏≤‡∏à‡∏ó‡∏≥‡∏ò‡∏∏‡∏£‡∏∞‡∏™‡πà‡∏ß‡∏ô‡∏ï‡∏±‡∏ß
TARGET-002,‡∏ô‡∏≤‡∏á ‡πÄ‡∏≠‡∏°‡∏°‡∏µ‡πà ‡∏≠‡∏µ‡∏≠‡∏µ,66987654321,2026-01-13 15:00:00,13.878005,100.601746,"‡∏ñ‡∏ô‡∏ô‡∏£‡∏≤‡∏°‡∏≠‡∏¥‡∏ô‡∏ó‡∏£‡∏≤ ‡πÅ‡∏Ç‡∏ß‡∏á‡∏ó‡πà‡∏≤‡πÅ‡∏£‡πâ‡∏á ‡πÄ‡∏Ç‡∏ï‡∏ö‡∏≤‡∏á‡πÄ‡∏Ç‡∏ô ‡∏Å‡∏£‡∏∏‡∏á‡πÄ‡∏ó‡∏û‡∏°‡∏´‡∏≤‡∏ô‡∏Ñ‡∏£ 10230",True,4G,12353,4505,Moving,0,"13.756331,100.501765",15.3,10.2,‡πÄ‡∏Ñ‡∏•‡∏∑‡πà‡∏≠‡∏ô‡∏ó‡∏µ‡πà‡πÑ‡∏õ‡∏ó‡∏≤‡∏á‡πÄ‡∏´‡∏ô‡∏∑‡∏≠ - Future Park Rangsit
TARGET-002,‡∏ô‡∏≤‡∏á ‡πÄ‡∏≠‡∏°‡∏°‡∏µ‡πà ‡∏≠‡∏µ‡∏≠‡∏µ,66987654321,2026-01-13 16:30:00,13.959562,100.598045,"‡∏ñ‡∏ô‡∏ô‡∏û‡∏´‡∏•‡πÇ‡∏¢‡∏ò‡∏¥‡∏ô ‡∏ï‡∏≥‡∏ö‡∏•‡∏õ‡∏£‡∏∞‡∏ä‡∏≤‡∏ò‡∏¥‡∏õ‡∏±‡∏ï‡∏¢‡πå ‡∏≠‡∏≥‡πÄ‡∏†‡∏≠‡∏ò‡∏±‡∏ç‡∏ö‡∏∏‡∏£‡∏µ ‡∏õ‡∏ó‡∏∏‡∏°‡∏ò‡∏≤‡∏ô‡∏µ 12130",True,4G,12354,4506,Moving,0,"13.878005,100.601746",9.2,6.1,‡πÄ‡∏Ç‡πâ‡∏≤‡∏™‡∏π‡πà‡∏õ‡∏ó‡∏∏‡∏°‡∏ò‡∏≤‡∏ô‡∏µ - ‡∏û‡∏∑‡πâ‡∏ô‡∏ó‡∏µ‡πà‡∏ó‡∏µ‡πà‡∏ï‡πâ‡∏≠‡∏á‡∏õ‡∏£‡∏∞‡∏™‡∏≤‡∏ô‡∏´‡∏ô‡πà‡∏ß‡∏¢‡∏á‡∏≤‡∏ô
TARGET-002,‡∏ô‡∏≤‡∏á ‡πÄ‡∏≠‡∏°‡∏°‡∏µ‡πà ‡∏≠‡∏µ‡∏≠‡∏µ,66987654321,2026-01-13 17:00:00,13.959562,100.598045,"‡∏ñ‡∏ô‡∏ô‡∏û‡∏´‡∏•‡πÇ‡∏¢‡∏ò‡∏¥‡∏ô ‡∏ï‡∏≥‡∏ö‡∏•‡∏õ‡∏£‡∏∞‡∏ä‡∏≤‡∏ò‡∏¥‡∏õ‡∏±‡∏ï‡∏¢‡πå ‡∏≠‡∏≥‡πÄ‡∏†‡∏≠‡∏ò‡∏±‡∏ç‡∏ö‡∏∏‡∏£‡∏µ ‡∏õ‡∏ó‡∏∏‡∏°‡∏ò‡∏≤‡∏ô‡∏µ 12130",True,4G,12354,4506,Stationary,1800,"13.959562,100.598045",0.0,0.0,üö® ‡∏´‡∏¢‡∏∏‡∏î‡∏ô‡∏¥‡πà‡∏á‡πÉ‡∏ô‡∏õ‡∏ó‡∏∏‡∏°‡∏ò‡∏≤‡∏ô‡∏µ - ‡∏™‡∏á‡∏™‡∏±‡∏¢‡∏ó‡∏µ‡πà‡∏û‡∏±‡∏Å‡∏≠‡∏≤‡∏®‡∏±‡∏¢

TARGET-003,‡∏ô‡∏≤‡∏¢ ‡∏™‡∏°‡∏ä‡∏≤‡∏¢ ‡∏ó‡∏î‡∏™‡∏≠‡∏ö,66812345678,2026-01-13 10:00:00,14.408378,98.904282,"‡∏ï‡∏≥‡∏ö‡∏•‡πÑ‡∏ó‡∏£‡πÇ‡∏¢‡∏Ñ ‡∏≠‡∏≥‡πÄ‡∏†‡∏≠‡πÑ‡∏ó‡∏£‡πÇ‡∏¢‡∏Ñ ‡∏à‡∏±‡∏á‡∏´‡∏ß‡∏±‡∏î‡∏Å‡∏≤‡∏ç‡∏à‡∏ô‡∏ö‡∏∏‡∏£‡∏µ 71150",DTAC,3G,15001,5001,Stationary,0,,0.0,0.0,üö® CRITICAL: ‡∏û‡∏ö‡∏ó‡∏µ‡πà‡∏û‡∏∑‡πâ‡∏ô‡∏ó‡∏µ‡πà‡∏ä‡∏≤‡∏¢‡πÅ‡∏î‡∏ô - ‡∏´‡πà‡∏≤‡∏á‡∏à‡∏≤‡∏Å‡πÄ‡∏°‡∏∑‡∏≠‡∏á 180 ‡∏Å‡∏°.
TARGET-003,‡∏ô‡∏≤‡∏¢ ‡∏™‡∏°‡∏ä‡∏≤‡∏¢ ‡∏ó‡∏î‡∏™‡∏≠‡∏ö,66812345678,2026-01-13 12:00:00,14.408378,98.904282,"‡∏ï‡∏≥‡∏ö‡∏•‡πÑ‡∏ó‡∏£‡πÇ‡∏¢‡∏Ñ ‡∏≠‡∏≥‡πÄ‡∏†‡∏≠‡πÑ‡∏ó‡∏£‡πÇ‡∏¢‡∏Ñ ‡∏à‡∏±‡∏á‡∏´‡∏ß‡∏±‡∏î‡∏Å‡∏≤‡∏ç‡∏à‡∏ô‡∏ö‡∏∏‡∏£‡∏µ 71150",DTAC,3G,15001,5001,Stationary,7200,"14.408378,98.904282",0.0,0.0,‡∏¢‡∏±‡∏á‡∏Ñ‡∏á‡∏≠‡∏¢‡∏π‡πà‡∏ó‡∏µ‡πà‡πÄ‡∏î‡∏¥‡∏° 2 ‡∏ä‡∏±‡πà‡∏ß‡πÇ‡∏°‡∏á - ‡∏ô‡πà‡∏≤‡∏™‡∏á‡∏™‡∏±‡∏¢‡∏™‡∏π‡∏á
TARGET-003,‡∏ô‡∏≤‡∏¢ ‡∏™‡∏°‡∏ä‡∏≤‡∏¢ ‡∏ó‡∏î‡∏™‡∏≠‡∏ö,66812345678,2026-01-13 14:00:00,14.350892,98.962736,"‡∏ï‡∏≥‡∏ö‡∏•‡∏ó‡πà‡∏≤‡∏Å‡∏£‡∏∞‡∏î‡∏≤‡∏ô ‡∏≠‡∏≥‡πÄ‡∏†‡∏≠‡∏ó‡πà‡∏≤‡∏°‡πà‡∏ß‡∏á ‡∏à‡∏±‡∏á‡∏´‡∏ß‡∏±‡∏î‡∏Å‡∏≤‡∏ç‡∏à‡∏ô‡∏ö‡∏∏‡∏£‡∏µ 71110",DTAC,3G,15002,5002,Moving,0,"14.408378,98.904282",8.4,4.2,‡πÄ‡∏Ñ‡∏•‡∏∑‡πà‡∏≠‡∏ô‡∏ó‡∏µ‡πà‡∏ä‡πâ‡∏≤‡πÉ‡∏ô‡∏û‡∏∑‡πâ‡∏ô‡∏ó‡∏µ‡πà‡∏õ‡πà‡∏≤ - ‡∏ô‡πà‡∏≤‡∏™‡∏á‡∏™‡∏±‡∏¢‡∏Å‡∏≤‡∏£‡∏•‡∏±‡∏Å‡∏•‡∏≠‡∏ö
TARGET-003,‡∏ô‡∏≤‡∏¢ ‡∏™‡∏°‡∏ä‡∏≤‡∏¢ ‡∏ó‡∏î‡∏™‡∏≠‡∏ö,66812345678,2026-01-13 16:00:00,13.823836,99.836029,"‡∏ï‡∏≥‡∏ö‡∏•‡∏ó‡πà‡∏≤‡πÄ‡∏£‡∏∑‡∏≠ ‡∏≠‡∏≥‡πÄ‡∏†‡∏≠‡πÄ‡∏°‡∏∑‡∏≠‡∏á‡∏Å‡∏≤‡∏ç‡∏à‡∏ô‡∏ö‡∏∏‡∏£‡∏µ ‡∏à‡∏±‡∏á‡∏´‡∏ß‡∏±‡∏î‡∏Å‡∏≤‡∏ç‡∏à‡∏ô‡∏ö‡∏∏‡∏£‡∏µ 71000",DTAC,4G,15003,5003,Moving,0,"14.350892,98.962736",102.5,51.3,üö® ‡πÄ‡∏Ñ‡∏•‡∏∑‡πà‡∏≠‡∏ô‡∏ó‡∏µ‡πà‡∏Å‡∏•‡∏±‡∏ö‡πÄ‡∏Ç‡πâ‡∏≤‡πÄ‡∏°‡∏∑‡∏≠‡∏á - ‡∏Ñ‡∏ß‡∏≤‡∏°‡πÄ‡∏£‡πá‡∏ß‡∏õ‡∏Å‡∏ï‡∏¥

TARGET-004,‡∏ô.‡∏™. ‡∏™‡∏°‡∏´‡∏ç‡∏¥‡∏á ‡∏ú‡∏π‡πâ‡∏™‡∏á‡∏™‡∏±‡∏¢,66923456789,2026-01-13 09:00:00,18.788015,98.985439,"‡∏ñ‡∏ô‡∏ô‡∏ä‡πâ‡∏≤‡∏á‡∏Ñ‡∏•‡∏≤‡∏ô ‡∏ï‡∏≥‡∏ö‡∏•‡∏ä‡πâ‡∏≤‡∏á‡∏Ñ‡∏•‡∏≤‡∏ô ‡∏≠‡∏≥‡πÄ‡∏†‡∏≠‡πÄ‡∏°‡∏∑‡∏≠‡∏á‡πÄ‡∏ä‡∏µ‡∏¢‡∏á‡πÉ‡∏´‡∏°‡πà ‡πÄ‡∏ä‡∏µ‡∏¢‡∏á‡πÉ‡∏´‡∏°‡πà 50100",AIS,4G,20001,6001,Moving,0,,0.0,0.0,‡πÄ‡∏£‡∏¥‡πà‡∏°‡∏ï‡∏¥‡∏î‡∏ï‡∏≤‡∏° - ‡πÄ‡∏ä‡∏µ‡∏¢‡∏á‡πÉ‡∏´‡∏°‡πà Night Bazaar
TARGET-004,‡∏ô.‡∏™. ‡∏™‡∏°‡∏´‡∏ç‡∏¥‡∏á ‡∏ú‡∏π‡πâ‡∏™‡∏á‡∏™‡∏±‡∏¢,66923456789,2026-01-13 11:00:00,18.804879,98.962882,"‡∏ñ‡∏ô‡∏ô‡∏´‡πâ‡∏ß‡∏¢‡πÅ‡∏Å‡πâ‡∏ß ‡∏ï‡∏≥‡∏ö‡∏•‡∏™‡∏∏‡πÄ‡∏ó‡∏û ‡∏≠‡∏≥‡πÄ‡∏†‡∏≠‡πÄ‡∏°‡∏∑‡∏≠‡∏á‡πÄ‡∏ä‡∏µ‡∏¢‡∏á‡πÉ‡∏´‡∏°‡πà ‡πÄ‡∏ä‡∏µ‡∏¢‡∏á‡πÉ‡∏´‡∏°‡πà 50200",AIS,4G,20002,6001,Moving,0,"18.788015,98.985439",2.8,1.4,‡πÄ‡∏Ñ‡∏•‡∏∑‡πà‡∏≠‡∏ô‡∏ó‡∏µ‡πà‡πÑ‡∏õ‡∏ó‡∏≤‡∏á‡∏î‡∏≠‡∏¢‡∏™‡∏∏‡πÄ‡∏ó‡∏û
TARGET-004,‡∏ô.‡∏™. ‡∏™‡∏°‡∏´‡∏ç‡∏¥‡∏á ‡∏ú‡∏π‡πâ‡∏™‡∏á‡∏™‡∏±‡∏¢,66923456789,2026-01-13 13:00:00,18.894772,98.916698,"‡∏ï‡∏≥‡∏ö‡∏•‡πÅ‡∏°‡πà‡πÅ‡∏ï‡∏á ‡∏≠‡∏≥‡πÄ‡∏†‡∏≠‡πÅ‡∏°‡πà‡πÅ‡∏ï‡∏á ‡πÄ‡∏ä‡∏µ‡∏¢‡∏á‡πÉ‡∏´‡∏°‡πà 50150",AIS,3G,20003,6002,Moving,0,"18.804879,98.962882",12.3,6.2,‡πÄ‡∏Ñ‡∏•‡∏∑‡πà‡∏≠‡∏ô‡∏ó‡∏µ‡πà‡∏≠‡∏≠‡∏Å‡∏ô‡∏≠‡∏Å‡πÄ‡∏°‡∏∑‡∏≠‡∏á - ‡πÅ‡∏°‡πà‡πÅ‡∏ï‡∏á
TARGET-004,‡∏ô.‡∏™. ‡∏™‡∏°‡∏´‡∏ç‡∏¥‡∏á ‡∏ú‡∏π‡πâ‡∏™‡∏á‡∏™‡∏±‡∏¢,66923456789,2026-01-13 15:00:00,19.158442,98.432422,"‡∏ï‡∏≥‡∏ö‡∏•‡∏õ‡πà‡∏≤‡πÅ‡∏õ‡πã ‡∏≠‡∏≥‡πÄ‡∏†‡∏≠‡πÅ‡∏°‡πà‡πÅ‡∏ï‡∏á ‡πÄ‡∏ä‡∏µ‡∏¢‡∏á‡πÉ‡∏´‡∏°‡πà 50150",AIS,3G,20004,6003,Moving,0,"18.894772,98.916698",46.2,23.1,‚ö†Ô∏è ‡πÄ‡∏Ç‡πâ‡∏≤‡∏û‡∏∑‡πâ‡∏ô‡∏ó‡∏µ‡πà‡∏†‡∏π‡πÄ‡∏Ç‡∏≤‡∏´‡πà‡∏≤‡∏á‡πÑ‡∏Å‡∏• - ‡∏ï‡πâ‡∏≠‡∏á‡πÄ‡∏ù‡πâ‡∏≤‡∏£‡∏∞‡∏ß‡∏±‡∏á
TARGET-004,‡∏ô.‡∏™. ‡∏™‡∏°‡∏´‡∏ç‡∏¥‡∏á ‡∏ú‡∏π‡πâ‡∏™‡∏á‡∏™‡∏±‡∏¢,66923456789,2026-01-13 16:00:00,19.158442,98.432422,"‡∏ï‡∏≥‡∏ö‡∏•‡∏õ‡πà‡∏≤‡πÅ‡∏õ‡πã ‡∏≠‡∏≥‡πÄ‡∏†‡∏≠‡πÅ‡∏°‡πà‡πÅ‡∏ï‡∏á ‡πÄ‡∏ä‡∏µ‡∏¢‡∏á‡πÉ‡∏´‡∏°‡πà 50150",AIS,3G,20004,6003,Stationary,3600,"19.158442,98.432422",0.0,0.0,üö® ALERT: ‡∏´‡∏¢‡∏∏‡∏î‡∏ô‡∏¥‡πà‡∏á‡πÉ‡∏ô‡∏û‡∏∑‡πâ‡∏ô‡∏ó‡∏µ‡πà‡∏´‡πà‡∏≤‡∏á‡πÑ‡∏Å‡∏• - ‡∏™‡∏±‡∏ç‡∏ç‡∏≤‡∏ì‡πÄ‡∏™‡∏µ‡πà‡∏¢‡∏á‡∏™‡∏π‡∏á
